
INSERT INTO staff (id,first_name,last_name,age)
VALUES
(1,'Ivan','Ivanov',30),
(2,'Sergey','Sergeev',23),
(3,'Philip','Demin',33),
(4,'Aleksandr','Aleksandrenko',21),
(5,'Dmitriy','Gura',38),
(6,'Svetlana','Petrenko',40),
(7,'Sergey','Ivanov',36),
(8,'Vasiliy','Litvinenko',27),
(9,'Piter','Petrov',33),
(10,'Olena','Dmitrieva',25),
(11,'Eugen','Artemenko',27),
(12,'Rustam','Gamidov',35),
(13,'Andrey','Andreev',32),
(14,'Ivan','Andrienko',26),
(15,'Katia','Fomina',24),
(16,'Lera','Vasilenko',33),
(17,'Zina','Mischenko',31),
(18,'Oksana','Sidorova',32),
(19,'Irina','Parhomenko',28),
(20,'Anna','Arhangelska',29),
(21,'Vladimir','Artemenko',24),
(22,'Oleg','Kapusta',30),
(23,'Roman','Prihodko',34),
(24,'Marina','Kusayko',24),
(25,'Andrey','Kuzmechov',31),
(26,'Dmitriy','Gerasimenko',28),
(27,'Filip','Filipov',26),
(28,'Zlata','Regeda',30),
(29,'Igor','Rusakov',34),
(30,'Mihail','Krikun',20),
(31,'Sergey','Sergeenko',25),
(32,'Philip','Demenko',35),
(33,'Aleksandr','Aleksandrov',22),
(34,'Dmitriy','Gurevich',31),
(35,'Svetlana','Petrenkova',20),
(36,'Sergey','Ivanovich',32),
(37,'Sergey','Litvinenko',25),
(38,'Piter','Petrenko',31),
(39,'Elena','Dmitrieva',23),
(40,'Eugen','Artemenko',37),
(41,'Rustam','Gamidovich',35),
(42,'Andrey','Andreyko',22),
(43,'Ivanna','Mandrienko',26),
(44,'Natia','Fokina',24),
(45,'Valera','Basilenko',33),
(46,'Zinaida','Mischenkova',31),
(47,'Oksana','Sidorovich',32),
(48,'Irina','Parhomenkova',28),
(49,'Hanna','Arhangelskayte',23),
(50,'Vladimir','Poplavskiy',26),
(51,'POly','Kapustova',33),
(52,'Roman','Prihodchenko',34),
(53,'Marina','Kusaiko',27),
(54,'Andrey','Kusaiko',33),
(55,'Dimitriy','Gerasimov',29),
(56,'Filip','Filipenkov',25),
(57,'Zlata','Ognevich',23),
(58,'Igor','Rusakovich',31),
(59,'Mihail','Krikun',24),
(60,'Philip','Sergeevskiy',23),
(61,'Philip','Deminko',32),
(62,'Svetlana','Aleksandrenko',24),
(63,'Dmitriy','Gurevich',32),
(64,'Lana','Renko',30),
(65,'Sergey','Dykun',32),
(66,'Vasiliy','Litvinov',24),
(67,'Piter','Stoliar',34),
(68,'Olena','Stoliarova',25),
(69,'Eugen','Temen',27),
(70,'Rustam','Stoliarenko',35),
(71,'Andrey','Lypun',32),
(72,'Ivan','Abramov',26),
(73,'Katia','Nemchishin',24),
(74,'Lera','Vasilev',33),
(75,'Zina','Zidan',31),
(76,'Oksana','Midorova',32),
(77,'Irina','Khomenko',28),
(78,'Anna','Gelskay',29),
(79,'Vladimir','Derevo',24),
(80,'Oleg','Kapustenko',30),
(81,'Roman','Prihod',34),
(82,'Marina','Derevenko',24),
(83,'Andrey','Kuzmich',31),
(84,'Dmitriy','Gerasim',28),
(85,'Filip','Fil',26),
(86,'Zlata','Egeda',30),
(87,'Igor','Usakov',34),
(88,'Mihail','Rikun',20),
(89,'Oksana','Dorova',32),
(90,'Irina','Parhom',28),
(91,'Anna','Hangel',29),
(92,'Vladimir','Martem',24),
(93,'Oleg','Pusto',30),
(94,'Roman','Hodko',34),
(95,'Marina','Daneleyko',24),
(96,'Andrey','Korjicov',31),
(97,'Dmitriy','Minal',28),
(98,'Filip','Lipov',26),
(99,'Zlata','Visok',30),
(100,'Igor','Sakov',34),
(101,'Mihail','Krykov',20);

INSERT INTO specialties (id,name,salary)
VALUES
(1,'C# Junior',400),
(2,'C# Middle',1500),
(3,'C# Senior',2500),
(4,'C++',3000),
(5,'C',3000),
(6,'Java Junior',400),
(7,'Java Middle',1500),
(8,'Java Senior',2700),
(9,'JavaScript',1000),
(10,'PHP',1100),
(11,'Scala Junior',350),
(12,'Java Middle',1400),
(13,'Java Senior',2400),
(14,'F#',2500),
(15,'Project Manager',4000),
(16,'Python',2600),
(17,'Ruby',3100),
(18,'QA Junior',250),
(19,'QA Middle',600),
(20,'QA Senior',1000);



INSERT INTO staff_specialties (staff_id,specialty_id)
VALUES
(1,1),
(2,3),
(3,5),
(4,5),
(5,4),
(6,1),
(7,2),
(8,4),
(9,4),
(10,2),
(11,6),
(12,1),
(13,3),
(14,1),
(15,7),
(16,1),
(17,5),
(18,5),
(19,4),
(20,7),
(21,4),
(22,3),
(23,2),
(24,6),
(25,4),
(26,4),
(27,7),
(28,4),
(29,8),
(30,5),
(31,1),
(32,2),
(33,3),
(34,4),
(35,5),
(36,6),
(37,7),
(38,8),
(39,9),
(40,10),
(51,11),
(52,12),
(53,13),
(54,14),
(55,15),
(56,16),
(57,17),
(58,18),
(59,19),
(60,20),
(61,1),
(62,2),
(63,3),
(64,4),
(65,5),
(66,6),
(67,7),
(68,8),
(69,9),
(70,10),
(71,11),
(72,12),
(73,13),
(74,14),
(75,15),
(76,16),
(77,17),
(78,18),
(79,19),
(80,20),
(81,11),
(82,13),
(83,15),
(84,15),
(85,14),
(86,1),
(87,2),
(88,4),
(89,4),
(90,12),
(91,11),
(92,3),
(93,15),
(94,5),
(95,4),
(96,1),
(97,12),
(98,4),
(99,14),
(100,12),
(101,11);



INSERT INTO typeteam (id,name)
VALUES
(1,'Developers'),
(2,'Testers');

